{
  "z_spec": [
    "droop",
    "flutter",
    "splay",
    "wiggle",
    "dbltime",
    "spin",
    "blink",
    "look_y",
    "look_x",
    "expr"
  ],
  "anchors": {
    "idle": [
      0.2,
      0.35,
      0.5,
      0.15,
      0,
      0,
      0.6,
      0.45,
      0.5,
      0.0
    ],
    "curious": [
      0.05,
      0.4,
      0.6,
      0.25,
      0,
      0,
      0.4,
      0.75,
      0.75,
      0.0
    ],
    "wideeyed": [
      0.0,
      0.55,
      0.7,
      0.3,
      0,
      0,
      0.0,
      0.55,
      0.5,
      0.07692307692307693
    ],
    "serene": [
      0.15,
      0.3,
      0.55,
      0.1,
      0,
      0,
      0.5,
      0.45,
      0.5,
      0.15384615384615385
    ],
    "delight": [
      0.05,
      0.9,
      0.65,
      0.85,
      1,
      0,
      0.3,
      0.55,
      0.5,
      0.15384615384615385
    ],
    "wince": [
      0.35,
      0.45,
      0.4,
      0.35,
      0,
      0,
      0.6,
      0.45,
      0.5,
      0.23076923076923078
    ],
    "angry": [
      0.1,
      0.7,
      0.6,
      0.55,
      1,
      0,
      0.1,
      0.35,
      0.5,
      0.3076923076923077
    ],
    "mindblown": [
      0.0,
      1.0,
      0.8,
      0.95,
      1,
      0,
      0.0,
      0.5,
      0.5,
      0.38461538461538464
    ],
    "monocle": [
      0.1,
      0.15,
      0.65,
      0.05,
      0,
      0,
      0.4,
      0.45,
      0.5,
      0.46153846153846156
    ],
    "pleading": [
      0.45,
      0.25,
      0.45,
      0.1,
      0,
      0,
      0.1,
      0.85,
      0.5,
      0.5384615384615384
    ],
    "suspicious": [
      0.25,
      0.2,
      0.4,
      0.1,
      0,
      0,
      0.5,
      0.4,
      0.25,
      0.6153846153846154
    ],
    "cowboy": [
      0.05,
      0.65,
      0.6,
      0.7,
      0,
      1,
      0.3,
      0.5,
      0.5,
      0.6923076923076923
    ],
    "melancholy": [
      0.95,
      0.1,
      0.3,
      0.05,
      0,
      0,
      0.2,
      0.3,
      0.5,
      0.7692307692307693
    ],
    "disguise": [
      0.15,
      0.15,
      0.45,
      0.05,
      0,
      0,
      0.7,
      0.45,
      0.5,
      0.8461538461538461
    ],
    "dizzy": [
      0.5,
      0.55,
      0.5,
      0.7,
      1,
      1,
      0.2,
      0.45,
      0.5,
      0.9230769230769231
    ],
    "modecollapse": [
      0.7,
      0.5,
      0.35,
      0.6,
      1,
      0,
      0.4,
      0.45,
      0.5,
      1.0
    ]
  }
}